Window,Median ($),5th Pct ($),P(Goal) (%),Sharpe
Full (2005–2025),182261.16035907366,129314.7495712087,82.1,0.8717
Post-GFC (2010–2025),182261.16035907366,129314.7495712087,82.1,0.8717
Recent (2015–2025),185771.78623782066,128154.28673162563,82.3,0.7999
Pre-crisis (2005–2015),108051.88752950652,100861.01289520175,0.0,1.4744
