Window,Median ($),5th Pct ($),P(Goal) (%),Sharpe
Full (2005–2025),182261.17080794438,129314.7912838483,82.1,0.8717
Post-GFC (2010–2025),182261.17080794438,129314.7912838483,82.1,0.8717
Recent (2015–2025),185771.73086506315,128154.20054616831,82.3,0.7999
Pre-crisis (2005–2015),108008.68277898275,100852.13590493322,0.0,1.4745
