Scenario,Median ($),5th Pct ($),95th Pct ($),P(Goal) (%),Median MDD (%)
Base case,157067.63360518077,122759.88921249461,201176.4025423025,61.6,0.0
Crash at year 3,143053.96773998963,112628.19078750527,181188.87886984125,37.3,0.0
Job loss at year 3,114818.93728113725,92203.27457956533,142796.9213756453,2.2,-100.0
High inflation 4.5%,129468.00327023413,101188.75145192609,165826.0619607479,16.9,0.0
