Scenario,Median ($),5th Pct ($),95th Pct ($),P(Goal) (%),Median MDD (%)
Base case,157067.638547469,122759.85992317244,201176.39542012074,61.6,0.0
Crash at year 3,143053.99783859795,112628.14435068586,181188.81989700528,37.3,0.0
Job loss at year 3,114818.93746083858,92203.22311779647,142796.9037679694,2.2,-100.0
High inflation 4.5%,129468.00734407271,101188.72730926874,165826.05609006257,16.9,0.0
